Guten Abend,151.67 €,6 Monate,Preis ist teuer
Guten Abend,44.44 €,36 Monate,Preis ist gut
Guten Abend,61.54 €,26 Monate,Preis ist teuer
Guten Morgen,44.44 €,36 Monate,Preis ist gut
Guten Morgen,44.44 €,36 Monate,Preis ist gut
Guten Morgen,44.44 €,36 Monate,Preis ist gut
Guten Morgen,44.44 €,36 Monate,Preis ist gut
Guten Abend,108.78 €,2 Monate,Preis ist teuer
Guten Abend,107.67 €,3 Monate,Preis ist teuer
Guten Abend,106.56 €,4 Monate,Preis ist teuer
Guten Abend,106.56 €,4 Monate,Preis ist teuer
Guten Abend,86.58 €,2 Monate,Preis ist teuer
Guten Abend,107.67 €,3 Monate,Preis ist teuer
Guten Morgen,10.67 €,3 Monate,Preis ist gut
Guten Morgen,107.67 €,3 Monate,Preis ist teuer
Guten Tag,108.78 €,2 Monate,Preis ist teuer
Guten Abend,106.56 €,4 Monate,Preis ist teuer
Gute Nacht,198.0 €,1 Monate,Preis ist teuer
Guten Morgen,53.28 €,4 Monate,Preis ist teuer
Guten Abend,27.47 €,4 Monate,Preis ist gut
Guten Abend,2.64 €,4 Monate,Preis ist gut
Guten Abend,1033.23 €,7 Monate,Preis ist teuer
Guten Abend,53.28 €,4 Monate,Preis ist teuer
Guten Abend,106.56 €,4 Monate,Preis ist teuer
Guten Abend,106.56 €,4 Monate,Preis ist teuer
Guten Abend,106.56 €,4 Monate,Preis ist teuer
Guten Tag,480.0 €,4 Monate,Preis ist teuer
Guten Abend,26.64 €,4 Monate,Preis ist gut
Guten Abend,2.64 €,4 Monate,Preis ist gut
Guten Abend,10.56 €,4 Monate,Preis ist gut
Guten Abend,106.56 €,4 Monate,Preis ist teuer
Guten Abend,72.94 €,7 Monate,Preis ist teuer
Guten Abend,26.64 €,4 Monate,Preis ist gut
Guten Abend,26.64 €,4 Monate,Preis ist gut
Guten Abend,105.45 €,5 Monate,Preis ist teuer
Guten Abend,106.56 €,4 Monate,Preis ist teuer
Guten Abend,106.56 €,4 Monate,Preis ist teuer
Guten Abend,10.56 €,4 Monate,Preis ist gut
Guten Abend,108.78 €,2 Monate,Preis ist teuer
Guten Abend,106.56 €,4 Monate,Preis ist teuer
Guten Abend,53.28 €,4 Monate,Preis ist teuer
Guten Abend,10.78 €,2 Monate,Preis ist gut
Guten Abend,53.28 €,4 Monate,Preis ist teuer
Guten Abend,129.04 €,4 Monate,Preis ist teuer
Guten Abend,7.31 €,7 Monate,Preis ist gut
Guten Abend,6.16 €,4 Monate,Preis ist gut
Guten Abend,133.2 €,4 Monate,Preis ist teuer
Guten Abend,26.64 €,4 Monate,Preis ist gut
Guten Abend,106.56 €,4 Monate,Preis ist teuer
Guten Abend,54.39 €,4 Monate,Preis ist teuer
Guten Abend,10.56 €,4 Monate,Preis ist gut
Guten Abend,1077.67 €,3 Monate,Preis ist teuer
Guten Abend,133.2 €,4 Monate,Preis ist teuer
Guten Abend,980.0 €,2 Monate,Preis ist teuer
Guten Abend,106.56 €,4 Monate,Preis ist teuer
Guten Tag,44.44 €,36 Monate,Preis ist gut
Guten Abend,103.23 €,7 Monate,Preis ist teuer
Guten Abend,104.34 €,6 Monate,Preis ist teuer
Guten Abend,36.92 €,65 Monate,Preis ist gut
Guten Abend,4410.0 €,2 Monate,Preis ist teuer
Gute Nacht,980.0 €,2 Monate,Preis ist teuer
